fine_grained_label,attack_family,row_count,detection_rate_or_fpr,mean_attack_probability,median_attack_probability
Benign,Benign,769928,0.6651686910983884,0.47596779465675354,0.4750274121761322
Bot,Botnet,144535,0.9999861625211887,0.4751673936843872,0.4750274121761322
Infilteration,Infiltration,57370,0.7655917727035035,0.47675278782844543,0.4750274121761322
