attack_family,count,fine_grained_class_count,percentage
Benign,4994157,1,79.02203417587626
DDoS,775955,3,12.27785640878772
DoS,196523,4,3.109563280118292
Botnet,144535,1,2.286962486283526
Infiltration,113819,1,1.8009463674978698
Brute Force,94882,4,1.5013081580485936
Web Attack,84,1,0.0013291233877456407
