binary_label,count,percentage
Benign,4994157,79.02203417587626
Attack,1325798,20.977965824123746
