split,rows,benign_rows,attack_rows,attack_percentage
train,4202411,3135491,1066920,25.38828305941518
validation,1145711,1088738,56973,4.972719996578544
test,971833,769928,201905,20.77568882719562
