attack_family,row_count,true_attack_rows,predicted_attack_rows,detection_rate_or_fpr,mean_attack_probability,median_attack_probability,minimum_attack_probability,maximum_attack_probability,interpretation
Benign,769928,0,512132,0.6651686910983884,0.47596779465675354,0.4750274121761322,0.4750211238861084,0.524975597858429,false_positive_rate
Botnet,144535,144535,144533,0.9999861625211887,0.4751673936843872,0.4750274121761322,0.47502660751342773,0.5245627760887146,attack_detection_rate
Infiltration,57370,57370,43922,0.7655917727035035,0.47675278782844543,0.4750274121761322,0.4750211238861084,0.5249750018119812,attack_detection_rate
