{
  "block": "08B",
  "status": "completed",
  "created_at_utc": "2026-07-10T07:35:17.815785+00:00",
  "model": "XGBoost",
  "task": "binary temporal intrusion detection",
  "feature_set": "Compact",
  "feature_count": 32,
  "gpu_enabled": true,
  "best_iteration": 0,
  "selected_threshold": 0.4750269949436188,
  "validation_metrics": {
    "threshold": 0.4750269949436188,
    "accuracy": 0.33742191529975707,
    "balanced_accuracy": 0.5484372789456172,
    "precision": 0.05635490091515426,
    "recall_detection_rate": 0.7827567444227967,
    "f1": 0.10514018967011075,
    "mcc": 0.045561288612446155,
    "roc_auc": 0.5635504161430073,
    "average_precision_aupr": 0.059849134073064976,
    "specificity": 0.31411781346843776,
    "benign_false_positive_rate": 0.6858821865315622,
    "attack_false_negative_rate": 0.21724325557720323,
    "true_negative": 341992,
    "false_positive": 746746,
    "false_negative": 12377,
    "true_positive": 44596
  },
  "test_metrics": {
    "threshold": 0.4750269949436188,
    "accuracy": 0.4591848599502178,
    "balanced_accuracy": 0.6341079107099376,
    "precision": 0.26899585633190454,
    "recall_detection_rate": 0.9333845125182635,
    "f1": 0.41763251086990244,
    "mcc": 0.24258853837980582,
    "roc_auc": 0.5902869330541638,
    "average_precision_aupr": 0.25696468310895043,
    "specificity": 0.33483130890161156,
    "benign_false_positive_rate": 0.6651686910983884,
    "attack_false_negative_rate": 0.06661548748173646,
    "true_negative": 257796,
    "false_positive": 512132,
    "false_negative": 13450,
    "true_positive": 188455
  },
  "training_seconds": 6.698703772000954,
  "prediction_seconds": 0.07578376700075751,
  "artifacts": {
    "model_json": "outputs/checkpoints/block_08b_xgboost_binary_compact.json",
    "model_ubj": "outputs/checkpoints/block_08b_xgboost_binary_compact.ubj",
    "metrics": "outputs/tables/table_08b_02_xgboost_binary_metrics.csv",
    "family_metrics": "outputs/tables/table_08b_03_test_family_detection_metrics.csv",
    "fine_grained_metrics": "outputs/tables/table_08b_04_test_fine_grained_detection.csv",
    "feature_importance": "outputs/tables/table_08b_05_xgboost_feature_importance.csv",
    "learning_curves": "outputs/tables/table_08b_06_xgboost_learning_curves.csv",
    "report": "reports/experiment_notes/block_08b_xgboost_binary_temporal_baseline.md",
    "local_test_predictions": "/kaggle/working/DCCT-NIDS/outputs/predictions/block_08b_xgboost_binary_test_predictions.parquet"
  }
}