{
  "block": "08D-B",
  "status": "completed",
  "created_at_utc": "2026-07-10T10:16:44.051359+00:00",
  "model": "CatBoost",
  "backend": "native_gpu",
  "selected_variant": "full_weight",
  "selected_positive_class_weight": 2.9388244556623686,
  "selected_threshold_policy": "fpr_at_most_1_percent",
  "selected_threshold": 0.000457898299841546,
  "internal_selection_metrics": {
    "variant": "full_weight",
    "positive_class_weight": 2.9388244556623686,
    "threshold_policy": "fpr_at_most_1_percent",
    "split": "internal_holdout",
    "best_iteration": 1419,
    "tree_count": 1419,
    "training_seconds": 73.99470253799882,
    "inference_seconds": 2.660646848999022,
    "threshold": 0.000457898299841546,
    "accuracy": 0.9925455531900718,
    "balanced_accuracy": 0.9950045075309786,
    "precision": 0.9714757461893806,
    "recall": 1.0,
    "f1": 0.9855315218228003,
    "mcc": 0.9806986013253658,
    "auroc": 0.999999941404054,
    "aupr": 0.9999997895932189,
    "specificity": 0.9900090150619573,
    "benign_fpr": 0.00999098493804271,
    "attack_fnr": 0.0,
    "true_negative": 465625,
    "false_positive": 4699,
    "false_negative": 0,
    "true_positive": 160038,
    "benign_fpr_exact_audit": 0.00999098493804271
  },
  "official_validation_metrics": {
    "variant": "full_weight",
    "positive_class_weight": 2.9388244556623686,
    "threshold_policy": "fpr_at_most_1_percent",
    "split": "official_validation",
    "best_iteration": 1419,
    "tree_count": 1419,
    "training_seconds": 73.99470253799882,
    "inference_seconds": 2.660646848999022,
    "threshold": 0.000457898299841546,
    "accuracy": 0.9358581701668222,
    "balanced_accuracy": 0.516476147623039,
    "precision": 0.1297251244338819,
    "recall": 0.05077843890965896,
    "f1": 0.07298736029467416,
    "mcc": 0.051850218812066695,
    "auroc": 0.4694453361608599,
    "aupr": 0.062458215817574374,
    "specificity": 0.9821738563364188,
    "benign_fpr": 0.017826143663581137,
    "attack_fnr": 0.9492215610903411,
    "true_negative": 1069330,
    "false_positive": 19408,
    "false_negative": 54080,
    "true_positive": 2893
  },
  "strict_temporal_test_metrics": {
    "variant": "full_weight",
    "positive_class_weight": 2.9388244556623686,
    "threshold_policy": "fpr_at_most_1_percent",
    "split": "strict_temporal_test",
    "best_iteration": 1419,
    "tree_count": 1419,
    "training_seconds": 73.99470253799882,
    "inference_seconds": 2.660646848999022,
    "threshold": 0.000457898299841546,
    "accuracy": 0.9266797896346389,
    "balanced_accuracy": 0.8443363466492377,
    "precision": 0.9258141475243136,
    "recall": 0.703454594982789,
    "f1": 0.7994607632058134,
    "mcc": 0.7662904424511302,
    "auroc": 0.8479265208821192,
    "aupr": 0.8032572837490892,
    "specificity": 0.9852180983156866,
    "benign_fpr": 0.014781901684313339,
    "attack_fnr": 0.29654540501721105,
    "true_negative": 758547,
    "false_positive": 11381,
    "false_negative": 59874,
    "true_positive": 142031
  },
  "experiment_seconds": 216.6783875700021,
  "gpu": "Tesla T4, 15360 MiB\nTesla T4, 15360 MiB"
}