{
  "block": "08B",
  "model": "GPU XGBoost",
  "task": "binary temporal intrusion detection",
  "feature_set": "Compact",
  "feature_count": 32,
  "selected_threshold": 0.4750269949436188,
  "threshold_selected_on": "validation only",
  "best_iteration": 0,
  "best_score": 0.06101401455214466,
  "training_seconds": 6.698703772000954,
  "prediction_seconds": 0.07578376700075751,
  "training_rows": 4202411,
  "validation_rows": 1145711,
  "test_rows": 971833,
  "scale_pos_weight": 2.93882484160012,
  "validation_metrics": {
    "threshold": 0.4750269949436188,
    "accuracy": 0.33742191529975707,
    "balanced_accuracy": 0.5484372789456172,
    "precision": 0.05635490091515426,
    "recall_detection_rate": 0.7827567444227967,
    "f1": 0.10514018967011075,
    "mcc": 0.045561288612446155,
    "roc_auc": 0.5635504161430073,
    "average_precision_aupr": 0.059849134073064976,
    "specificity": 0.31411781346843776,
    "benign_false_positive_rate": 0.6858821865315622,
    "attack_false_negative_rate": 0.21724325557720323,
    "true_negative": 341992,
    "false_positive": 746746,
    "false_negative": 12377,
    "true_positive": 44596
  },
  "test_metrics": {
    "threshold": 0.4750269949436188,
    "accuracy": 0.4591848599502178,
    "balanced_accuracy": 0.6341079107099376,
    "precision": 0.26899585633190454,
    "recall_detection_rate": 0.9333845125182635,
    "f1": 0.41763251086990244,
    "mcc": 0.24258853837980582,
    "roc_auc": 0.5902869330541638,
    "average_precision_aupr": 0.25696468310895043,
    "specificity": 0.33483130890161156,
    "benign_false_positive_rate": 0.6651686910983884,
    "attack_false_negative_rate": 0.06661548748173646,
    "true_negative": 257796,
    "false_positive": 512132,
    "false_negative": 13450,
    "true_positive": 188455
  },
  "xgboost_version": "3.2.0",
  "gpu": "Tesla T4, 15360 MiB\nTesla T4, 15360 MiB"
}