{
  "block": "08B-Fix-v2",
  "status": "completed",
  "created_at_utc": "2026-07-10T11:00:51.188715+00:00",
  "reconstructed_from_verified_artifacts": true,
  "internal_split_method": "deterministic fine-grained-label stratified holdout",
  "internal_holdout_fraction": 0.15,
  "selected_variant": "sqrt_weight",
  "selected_scale_pos_weight": 1.714299989984941,
  "selected_positive_class_weight": 1.714299989984941,
  "selected_threshold_policy": "fpr_at_most_1_percent",
  "selected_threshold": 0.0001616021909285,
  "internal_selection_metrics": {
    "variant": "sqrt_weight",
    "scale_pos_weight": 1.714299989984941,
    "threshold_policy": "fpr_at_most_1_percent",
    "split": "internal_holdout",
    "best_iteration": 524,
    "training_seconds": 21.631874951999635,
    "inference_seconds": 0.4616348420004215,
    "threshold": 0.0001616021909285,
    "accuracy": 0.9925360348498165,
    "balanced_accuracy": 0.9949960677883454,
    "precision": 0.9714460881019296,
    "recall": 0.9999937514840226,
    "f1": 0.9855132259167004,
    "mcc": 0.9806741870681512,
    "auroc": 0.9999997421605664,
    "aupr": 0.9999992462760282,
    "specificity": 0.989998384092668,
    "benign_fpr": 0.0100016159073319,
    "attack_fnr": 6.248515977455354e-06,
    "true_negative": 465620,
    "false_positive": 4704,
    "false_negative": 1,
    "true_positive": 160037,
    "benign_fpr_exact_audit": 0.009999489713474115,
    "false_positive_exact_audit": 4703,
    "allowed_false_positives": 4703
  },
  "official_validation_metrics": {
    "variant": "sqrt_weight",
    "scale_pos_weight": 1.714299989984941,
    "threshold_policy": "fpr_at_most_1_percent",
    "split": "official_validation",
    "best_iteration": 524,
    "training_seconds": 21.631874951999635,
    "inference_seconds": 0.4616348420004215,
    "threshold": 0.0001616021909285,
    "accuracy": 0.9378368541455916,
    "balanced_accuracy": 0.518407163117279,
    "precision": 0.1481627815092848,
    "recall": 0.052656521510189,
    "f1": 0.0776990714960956,
    "mcc": 0.060737430394742,
    "auroc": 0.5440453806560844,
    "aupr": 0.0720642992909095,
    "specificity": 0.984157804724369,
    "benign_fpr": 0.015842195275631,
    "attack_fnr": 0.9473434784898108,
    "true_negative": 1071490,
    "false_positive": 17248,
    "false_negative": 53973,
    "true_positive": 3000
  },
  "strict_temporal_test_metrics": {
    "variant": "sqrt_weight",
    "scale_pos_weight": 1.714299989984941,
    "threshold_policy": "fpr_at_most_1_percent",
    "split": "strict_temporal_test",
    "best_iteration": 524,
    "training_seconds": 21.631874951999635,
    "inference_seconds": 0.4616348420004215,
    "threshold": 0.0001616021909285,
    "accuracy": 0.9283662933857978,
    "balanced_accuracy": 0.8455194869424884,
    "precision": 0.9354390630863116,
    "recall": 0.7037765285654144,
    "f1": 0.8032379143490255,
    "mcc": 0.7720218140672818,
    "auroc": 0.8649778416863857,
    "aupr": 0.8010398936285659,
    "specificity": 0.9872624453195624,
    "benign_fpr": 0.0127375546804376,
    "attack_fnr": 0.2962234714345855,
    "true_negative": 760121,
    "false_positive": 9807,
    "false_negative": 59809,
    "true_positive": 142096
  },
  "selected_training_summary": {
    "variant": "sqrt_weight",
    "scale_pos_weight": 1.714299989984941,
    "best_iteration": 524,
    "best_score": 0.0003273743505067,
    "training_seconds": 21.631874951999635,
    "inference_seconds": 0.4616348420004215,
    "threshold_maximum_internal_f1": 0.3759443163871765,
    "threshold_fpr_at_most_1_percent": 0.0001616021909285,
    "threshold_fpr_at_most_0_1_percent": 0.0099592050537467
  },
  "family_results": [
    {
      "variant": "sqrt_weight",
      "threshold_policy": "fpr_at_most_1_percent",
      "attack_family": "Benign",
      "row_count": 769928,
      "true_attack_rows": 0,
      "predicted_attack_rows": 9807,
      "detection_rate_or_fpr": 0.0127375546804376,
      "mean_attack_probability": 0.000276888225926,
      "median_attack_probability": 9.407442576048196e-07,
      "minimum_attack_probability": 1.1121814935677321e-07,
      "maximum_attack_probability": 0.9998378753662108,
      "interpretation": "false_positive_rate"
    },
    {
      "variant": "sqrt_weight",
      "threshold_policy": "fpr_at_most_1_percent",
      "attack_family": "Botnet",
      "row_count": 144535,
      "true_attack_rows": 144535,
      "predicted_attack_rows": 138761,
      "detection_rate_or_fpr": 0.960051198671602,
      "mean_attack_probability": 0.0138177657499909,
      "median_attack_probability": 0.0129310097545385,
      "minimum_attack_probability": 8.137396889651427e-07,
      "maximum_attack_probability": 0.9997556805610656,
      "interpretation": "attack_detection_rate"
    },
    {
      "variant": "sqrt_weight",
      "threshold_policy": "fpr_at_most_1_percent",
      "attack_family": "Infiltration",
      "row_count": 57370,
      "true_attack_rows": 57370,
      "predicted_attack_rows": 3335,
      "detection_rate_or_fpr": 0.0581314275753878,
      "mean_attack_probability": 0.0021483267191797,
      "median_attack_probability": 9.695760354588856e-07,
      "minimum_attack_probability": 1.3244185481653406e-07,
      "maximum_attack_probability": 0.999909520149231,
      "interpretation": "attack_detection_rate"
    }
  ],
  "source_artifacts": {
    "metrics": "outputs/tables/table_08b_fix_04_weight_threshold_metrics.csv",
    "training_summary": "outputs/tables/table_08b_fix_05_training_summary.csv",
    "family_results": "outputs/tables/table_08b_fix_06_family_results.csv",
    "exact_threshold_audit": "outputs/tables/table_08b_fix_09_exact_threshold_audit.csv"
  }
}