{
  "validation": {
    "Benign": {
      "precision": 0.965073129985975,
      "recall": 0.31411781346843776,
      "f1-score": 0.47396624089551226,
      "support": 1088738.0
    },
    "Attack": {
      "precision": 0.05635490091515426,
      "recall": 0.7827567444227967,
      "f1-score": 0.10514018967011075,
      "support": 56973.0
    },
    "accuracy": 0.33742191529975707,
    "macro avg": {
      "precision": 0.5107140154505646,
      "recall": 0.5484372789456172,
      "f1-score": 0.2895532152828115,
      "support": 1145711.0
    },
    "weighted avg": {
      "precision": 0.9198851168964158,
      "recall": 0.33742191529975707,
      "f1-score": 0.4556255540936357,
      "support": 1145711.0
    }
  },
  "test": {
    "Benign": {
      "precision": 0.950414015321885,
      "recall": 0.33483130890161156,
      "f1-score": 0.4952025309890566,
      "support": 769928.0
    },
    "Attack": {
      "precision": 0.26899585633190454,
      "recall": 0.9333845125182635,
      "f1-score": 0.41763251086990244,
      "support": 201905.0
    },
    "accuracy": 0.4591848599502178,
    "macro avg": {
      "precision": 0.6097049358268948,
      "recall": 0.6341079107099376,
      "f1-score": 0.4564175209294795,
      "support": 971833.0
    },
    "weighted avg": {
      "precision": 0.8088446989981215,
      "recall": 0.4591848599502178,
      "f1-score": 0.4790868249859081,
      "support": 971833.0
    }
  }
}