{
  "block": "08C-B-Recovery-v2",
  "status": "completed",
  "created_at_utc": "2026-07-10T09:31:16.431162+00:00",
  "selected_variant": "unweighted",
  "selected_backend": "gpu_opencl",
  "selected_positive_class_weight": 1.0,
  "selected_threshold": 8.275466367084545e-05,
  "internal_selection_metrics": {
    "variant": "unweighted",
    "backend": "gpu_opencl",
    "positive_class_weight": 1.0,
    "threshold_policy": "fpr_at_most_1_percent",
    "split": "internal_holdout",
    "best_iteration": 445,
    "training_seconds": 284.9940005669996,
    "inference_seconds": 31.593106636999437,
    "threshold": 8.275466367084545e-05,
    "accuracy": 0.9925439668000292,
    "balanced_accuracy": 0.9950013832729899,
    "precision": 0.9714755730380731,
    "recall": 0.9999937514840226,
    "f1": 0.9855283982092162,
    "mcc": 0.9806943350319004,
    "auroc": 0.9999980924731131,
    "aupr": 0.9999941714138648,
    "specificity": 0.9900090150619573,
    "benign_fpr": 0.00999098493804271,
    "attack_fnr": 6.248515977455354e-06,
    "true_negative": 465625,
    "false_positive": 4699,
    "false_negative": 1,
    "true_positive": 160037,
    "benign_fpr_exact_audit": 0.00999098493804271
  },
  "official_validation_metrics": {
    "variant": "unweighted",
    "backend": "gpu_opencl",
    "positive_class_weight": 1.0,
    "threshold_policy": "fpr_at_most_1_percent",
    "split": "official_validation",
    "best_iteration": 445,
    "training_seconds": 284.9940005669996,
    "inference_seconds": 31.593106636999437,
    "threshold": 8.275466367084545e-05,
    "accuracy": 0.936860168052851,
    "balanced_accuracy": 0.5191158407972544,
    "precision": 0.14528415123955496,
    "recall": 0.0552366910641883,
    "f1": 0.08004171223643716,
    "mcc": 0.06102215902028834,
    "auroc": 0.5150003539393957,
    "aupr": 0.07082197419884224,
    "specificity": 0.9829949905303205,
    "benign_fpr": 0.017005009469679574,
    "attack_fnr": 0.9447633089358117,
    "true_negative": 1070224,
    "false_positive": 18514,
    "false_negative": 53826,
    "true_positive": 3147
  },
  "strict_temporal_test_metrics": {
    "variant": "unweighted",
    "backend": "gpu_opencl",
    "positive_class_weight": 1.0,
    "threshold_policy": "fpr_at_most_1_percent",
    "split": "strict_temporal_test",
    "best_iteration": 445,
    "training_seconds": 284.9940005669996,
    "inference_seconds": 31.593106636999437,
    "threshold": 8.275466367084545e-05,
    "accuracy": 0.9277674250617133,
    "balanced_accuracy": 0.8449679644470447,
    "precision": 0.9324074986046818,
    "recall": 0.7033060102523464,
    "f1": 0.8018125352907962,
    "mcc": 0.7699809585109713,
    "auroc": 0.8660202112789613,
    "aupr": 0.8163475904774714,
    "specificity": 0.9866299186417431,
    "benign_fpr": 0.013370081358256876,
    "attack_fnr": 0.2966939897476536,
    "true_negative": 759634,
    "false_positive": 10294,
    "false_negative": 59904,
    "true_positive": 142001
  },
  "experiment_seconds": 1021.7112717029995,
  "lightgbm_version": "4.6.0",
  "gpu": "Tesla T4, 15360 MiB\nTesla T4, 15360 MiB"
}